test123 test123 test123
admin admin admin
mateusz mateusz mateusz
kamil kamil kamil
maciek rafal maciek
rafal maciek rafal
